filename,meanFWHM_1,meanFWHM_2,meanFWHM_3,meanFWHM_4,meanFWHM_5,meanFWHM_6,stdevFWHM_1,stdevFWHM_2,stdevFWHM_3,stdevFWHM_4,stdevFWHM_5,stdevFWHM_6,minFWHM_1,minFWHM_2,minFWHM_3,minFWHM_4,minFWHM_5,minFWHM_6,maxFWHM_1,maxFWHM_2,maxFWHM_3,maxFWHM_4,maxFWHM_5,maxFWHM_6,capLogical_1,capLogical_2,capLogical_3,capLogical_4,capLogical_5,capLogical_6,venLogical_1,venLogical_2,venLogical_3,venLogical_4,venLogical_5,venLogical_6,group
ZT10_16X6x_gg_800nm_m5_roi2_00003_ROIs_classA,3.740378354,4.100067075,6.326260802,6.066305263,NaN,,0.120026624,0.120158419,0.091814284,0.070734999,NaN,,3.542297169,3.922869516,6.202881437,5.974274335,NaN,,3.907354697,4.245508006,6.441604339,6.145408415,NaN,,1,1,1,1,0,,0,0,0,0,0,,A
ZT10_16X6x_gg_800nm_m6_roi1_00001_ROIs_classA,5.886712745,4.67920677,6.691620724,6.233090592,5.106043612,NaN,0.134211051,0.0794572,0.137906038,0.31794086,0.443754482,NaN,5.693534834,4.558654754,6.486475706,5.859503572,4.476368271,NaN,6.101865832,4.795295753,6.840305636,6.844074356,5.793979561,NaN,1,1,0,1,1,0,0,0,0,0,0,0,A
ZT10_16X6x_gg_800nm_m7_roi1_00001_ROIs_classA,4.079630377,3.446943337,4.057460351,NaN,,,0.138778451,0.045069251,0.116039787,NaN,,,3.847300708,3.382469253,3.922548238,NaN,,,4.262789741,3.521005182,4.230008114,NaN,,,1,1,1,0,,,0,0,0,0,,,B